Profundidad_Perforacion,Tiempo_Perforacion,Costo_Operacion,Concentracion_Cobre,Num_Trabajadores,Tipo_Maquinaria,Grupo_Turno
97.72,63.44,5298.69,34.23,22.0,Maquinaria_A,Turno_Noche
117.64,64.76,5697.33,33.9,25.0,Maquinaria_B,Turno_Noche
97.86,56.05,5225.78,27.79,24.0,Maquinaria_A,Turno_Noche
119.94,56.35,5198.99,33.67,28.0,Maquinaria_B,Turno_Noche
119.49,63.92,5866.86,38.16,24.0,Maquinaria_B,Turno_Mañana
110.2,52.04,4800.02,34.47,21.0,Maquinaria_C,Turno_Noche
100.05,49.3,4519.46,28.99,18.0,Maquinaria_A,Turno_Noche
112.68,45.14,5041.46,34.21,28.0,Maquinaria_C,Turno_Mañana
90.33,53.23,5315.23,25.99,16.0,Maquinaria_A,Turno_Mañana
91.57,45.47,5401.01,25.09,23.0,Maquinaria_A,Turno_Noche
98.81,52.54,4669.82,26.48,16.0,Maquinaria_A,Turno_Mañana
107.03,54.74,5192.9,37.93,20.0,Maquinaria_C,Turno_Noche
111.42,64.78,5260.59,34.47,23.0,Maquinaria_B,Turno_Mañana
91.13,51.57,4911.33,29.39,24.0,Maquinaria_C,Turno_Noche
71.12,40.53,4955.27,33.56,24.0,Maquinaria_C,Turno_Mañana
98.95,51.94,5146.33,31.1,16.0,Maquinaria_A,Turno_Noche
124.16,58.79,4379.12,35.12,27.0,Maquinaria_B,Turno_Mañana
106.91,50.86,5948.44,34.76,23.0,Maquinaria_B,Turno_Noche
128.66,58.97,5118.92,34.18,28.0,Maquinaria_B,Turno_Noche
120.81,63.75,5259.38,37.58,20.0,Maquinaria_B,Turno_Noche
95.0,60.89,5158.6,34.3,21.0,Maquinaria_A,Turno_Noche
126.63,59.58,5430.0,30.36,26.0,Maquinaria_B,Turno_Noche
87.83,47.67,5120.05,26.54,21.0,Maquinaria_A,Turno_Noche
96.57,48.42,4727.16,27.67,19.0,Maquinaria_A,Turno_Mañana
103.07,54.38,5982.99,31.4,29.0,Maquinaria_B,Turno_Noche
101.19,45.26,4988.0,31.94,26.0,Maquinaria_C,Turno_Mañana
105.35,62.37,4524.77,33.31,17.0,Maquinaria_A,Turno_Noche
118.74,52.35,5168.42,30.41,18.0,Maquinaria_C,Turno_Mañana
88.83,51.53,5295.46,31.78,20.0,Maquinaria_A,Turno_Noche
115.3,53.79,5649.03,36.88,23.0,Maquinaria_B,Turno_Mañana
116.48,59.65,5570.42,32.74,26.0,Maquinaria_B,Turno_Noche
120.87,53.25,5186.63,34.67,27.0,Maquinaria_C,Turno_Mañana
90.83,46.14,5484.03,33.7,19.0,Maquinaria_A,Turno_Noche
125.98,64.41,5065.12,30.45,24.0,Maquinaria_B,Turno_Mañana
109.72,61.82,5162.45,30.82,23.0,Maquinaria_B,Turno_Mañana
106.64,53.48,5525.92,34.99,25.0,Maquinaria_B,Turno_Mañana
88.14,48.87,5032.32,32.03,22.0,Maquinaria_A,Turno_Noche
110.82,51.72,4867.57,31.74,24.0,Maquinaria_C,Turno_Mañana
80.44,39.45,5113.7,32.56,20.0,Maquinaria_A,Turno_Noche
89.88,38.61,4831.3,31.71,22.0,Maquinaria_C,Turno_Noche
93.52,52.2,4842.15,37.65,25.0,Maquinaria_C,Turno_Noche
102.19,59.35,4777.99,32.93,21.0,Maquinaria_A,Turno_Noche
107.09,50.9,4982.86,36.02,19.0,Maquinaria_C,Turno_Mañana
84.42,56.34,4583.79,30.16,20.0,Maquinaria_A,Turno_Noche
88.23,55.53,4530.19,33.73,16.0,Maquinaria_A,Turno_Mañana
95.94,52.06,6099.94,30.42,23.0,Maquinaria_A,Turno_Noche
109.55,52.52,5556.13,33.57,28.0,Maquinaria_B,Turno_Mañana
127.05,59.63,5763.87,29.68,27.0,Maquinaria_B,Turno_Noche
116.62,51.48,4925.44,31.66,25.0,Maquinaria_C,Turno_Noche
80.67,56.91,5424.29,30.06,16.0,Maquinaria_A,Turno_Mañana
80.76,58.48,5037.17,41.93,17.0,Maquinaria_A,Turno_Noche
108.0,61.57,5528.32,38.73,20.0,Maquinaria_B,Turno_Noche
85.8,67.02,4549.5,26.02,20.0,Maquinaria_A,Turno_Noche
125.81,51.1,5961.84,37.6,29.0,Maquinaria_B,Turno_Noche
91.95,50.67,5027.93,29.51,27.83,Maquinaria_C,Turno_Noche
109.72,54.18,4983.13,33.12,28.0,Maquinaria_C,Turno_Noche
92.42,58.27,5201.98,29.9,20.0,Maquinaria_A,Turno_Noche
111.91,60.57,5284.89,31.04,21.0,Maquinaria_B,Turno_Noche
99.06,51.12,5553.32,35.77,29.0,Maquinaria_B,Turno_Mañana
126.44,63.75,5271.55,36.08,25.0,Maquinaria_B,Turno_Noche
116.14,64.06,5305.19,39.83,30.0,Maquinaria_B,Turno_Mañana
90.27,53.37,5115.61,31.03,18.0,Maquinaria_C,Turno_Noche
119.11,51.78,5099.59,34.08,25.0,Maquinaria_C,Turno_Mañana
109.28,46.64,5132.07,31.21,28.0,Maquinaria_C,Turno_Mañana
95.44,47.11,5212.89,33.3,18.0,Maquinaria_A,Turno_Mañana
103.71,50.77,4985.22,31.07,21.0,Maquinaria_C,Turno_Noche
129.33,53.72,5675.06,39.87,27.0,Maquinaria_B,Turno_Noche
92.28,58.51,5483.27,25.3,16.88,Maquinaria_A,Turno_Mañana
103.77,64.6,5149.5,37.0,21.0,Maquinaria_B,Turno_Noche
115.11,43.33,4997.58,37.3,20.0,Maquinaria_C,Turno_Noche
80.99,56.94,5320.0,29.86,19.0,Maquinaria_A,Turno_Mañana
81.37,47.97,4904.77,31.01,18.0,Maquinaria_A,Turno_Noche
98.61,46.7,4574.63,36.6,25.0,Maquinaria_C,Turno_Mañana
103.13,46.37,5001.46,26.2,20.0,Maquinaria_A,Turno_Mañana
107.25,47.26,5058.28,29.28,25.0,Maquinaria_A,Turno_Noche
92.14,46.3,5430.88,31.94,16.0,Maquinaria_A,Turno_Mañana
94.73,55.76,5238.15,34.06,15.0,Maquinaria_A,Turno_Noche
89.33,52.48,5201.79,26.38,22.0,Maquinaria_A,Turno_Noche
83.2,51.85,4987.8,32.71,24.0,Maquinaria_A,Turno_Noche
100.46,52.73,5121.95,37.98,28.0,Maquinaria_C,Turno_Noche
105.35,51.85,4733.71,32.63,23.0,Maquinaria_A,Turno_Mañana
100.51,53.8,5184.31,34.41,21.0,Maquinaria_C,Turno_Noche
114.9,50.3,5481.7,34.75,29.0,Maquinaria_B,Turno_Noche
109.26,64.35,5666.01,37.88,21.0,Maquinaria_B,Turno_Noche
110.98,55.57,5273.38,35.47,26.0,Maquinaria_B,Turno_Mañana
87.73,56.1,5128.31,32.7,22.0,Maquinaria_A,Turno_Mañana
111.68,54.73,5235.48,38.04,30.0,Maquinaria_B,Turno_Noche
117.64,50.51,5998.53,31.32,29.0,Maquinaria_B,Turno_Noche
124.63,55.6,5802.95,30.99,30.0,Maquinaria_B,Turno_Noche
88.09,48.92,4546.38,33.23,21.0,Maquinaria_A,Turno_Noche
112.35,38.12,5943.06,39.91,24.0,Maquinaria_B,Turno_Noche
107.57,48.87,4822.8,35.21,28.0,Maquinaria_C,Turno_Mañana
100.53,51.26,4883.07,28.93,21.0,Maquinaria_A,Turno_Noche
111.57,51.02,5790.3,30.05,27.0,Maquinaria_B,Turno_Mañana
111.26,42.9,4938.64,33.07,20.0,Maquinaria_C,Turno_Mañana
86.77,56.27,5336.05,30.42,15.0,Maquinaria_A,Turno_Noche
113.34,44.61,5150.28,28.43,19.0,Maquinaria_C,Turno_Mañana
88.21,51.93,4199.85,26.02,15.0,Maquinaria_A,Turno_Noche
124.05,52.78,5415.13,35.2,22.0,Maquinaria_B,Turno_Mañana
103.85,41.65,5187.48,32.52,26.0,Maquinaria_C,Turno_Mañana
114.15,41.0,4894.39,29.53,24.0,Maquinaria_C,Turno_Noche
122.72,40.12,5609.17,39.45,21.0,Maquinaria_B,Turno_Mañana
87.21,56.45,5370.18,30.62,17.0,Maquinaria_A,Turno_Noche
120.27,63.73,5095.12,34.85,26.0,Maquinaria_B,Turno_Noche
112.01,60.45,5092.85,31.67,26.0,Maquinaria_B,Turno_Noche
108.52,54.03,5314.59,34.87,21.1,Maquinaria_A,Turno_Noche
114.54,65.27,4888.6,28.44,27.0,Maquinaria_C,Turno_Noche
93.89,40.62,4801.9,31.57,27.0,Maquinaria_C,Turno_Noche
95.66,52.04,5106.99,25.56,28.0,Maquinaria_C,Turno_Mañana
110.03,41.26,5044.79,31.69,24.0,Maquinaria_C,Turno_Mañana
120.89,51.64,5565.85,34.2,25.0,Maquinaria_B,Turno_Noche
106.86,43.28,5020.32,35.18,20.0,Maquinaria_C,Turno_Mañana
99.31,47.73,4966.38,30.31,22.0,Maquinaria_C,Turno_Mañana
118.15,52.4,4926.95,33.98,26.0,Maquinaria_C,Turno_Noche
93.51,46.19,5137.46,33.23,27.0,Maquinaria_C,Turno_Mañana
96.19,51.96,5123.22,37.27,22.85,Maquinaria_C,Turno_Noche
102.29,47.94,4786.33,26.67,25.0,Maquinaria_A,Turno_Noche
125.47,52.53,5396.88,34.53,24.0,Maquinaria_B,Turno_Mañana
101.65,41.41,4997.43,36.26,24.0,Maquinaria_C,Turno_Noche
119.29,49.68,4803.17,28.39,22.0,Maquinaria_C,Turno_Noche
124.18,51.61,5009.06,31.92,27.0,Maquinaria_B,Turno_Noche
95.32,40.49,5004.95,33.15,19.0,Maquinaria_C,Turno_Noche
109.38,63.26,5958.53,32.08,27.0,Maquinaria_B,Turno_Mañana
95.19,50.55,4696.5,25.3,24.0,Maquinaria_A,Turno_Noche
108.65,43.87,5071.48,37.38,27.0,Maquinaria_C,Turno_Mañana
104.3,49.33,5011.5,32.69,18.0,Maquinaria_C,Turno_Noche
121.28,47.57,4931.84,28.21,20.0,Maquinaria_A,Turno_Mañana
101.5,52.83,5053.18,37.14,25.0,Maquinaria_C,Turno_Mañana
109.54,55.67,5268.24,30.78,21.0,Maquinaria_A,Turno_Noche
103.67,47.16,5225.95,31.62,21.0,Maquinaria_A,Turno_Mañana
116.38,46.97,5184.96,36.14,26.0,Maquinaria_C,Turno_Noche
96.83,57.55,4778.05,30.47,21.0,Maquinaria_A,Turno_Noche
108.35,54.69,5108.52,33.52,27.0,Maquinaria_C,Turno_Mañana
107.75,43.28,5073.4,37.83,24.0,Maquinaria_C,Turno_Mañana
118.68,54.37,5129.71,34.08,25.0,Maquinaria_C,Turno_Mañana
109.24,51.99,5126.68,27.66,25.0,Maquinaria_A,Turno_Mañana
90.22,47.28,5284.06,32.44,18.0,Maquinaria_A,Turno_Noche
106.25,53.33,4601.28,29.84,20.0,Maquinaria_A,Turno_Mañana
113.07,53.98,5882.16,39.21,24.0,Maquinaria_B,Turno_Noche
99.46,48.99,4972.07,37.09,26.0,Maquinaria_C,Turno_Mañana
95.16,57.73,5309.57,25.1,24.0,Maquinaria_A,Turno_Mañana
120.81,61.69,5490.55,36.1,28.0,Maquinaria_B,Turno_Noche
110.89,53.36,5197.33,33.4,19.23,Maquinaria_C,Turno_Mañana
103.34,53.95,4872.51,32.01,27.0,Maquinaria_C,Turno_Noche
93.36,47.73,5102.1,29.17,22.0,Maquinaria_C,Turno_Mañana
114.42,56.82,4625.49,33.47,22.0,Maquinaria_B,Turno_Mañana
93.63,56.87,5186.3,30.88,16.0,Maquinaria_A,Turno_Noche
98.25,50.24,4694.19,29.13,15.0,Maquinaria_A,Turno_Noche
81.33,47.19,5100.18,27.25,20.0,Maquinaria_A,Turno_Noche
103.76,59.28,4614.21,33.14,24.0,Maquinaria_A,Turno_Noche
94.23,52.94,4901.72,34.66,19.0,Maquinaria_C,Turno_Noche
93.37,40.06,5155.04,29.57,22.0,Maquinaria_C,Turno_Noche
96.75,55.77,5301.96,25.26,25.0,Maquinaria_A,Turno_Noche
101.45,57.76,4797.33,27.73,17.0,Maquinaria_A,Turno_Mañana
126.17,55.57,5422.91,43.12,18.0,Maquinaria_A,Turno_Noche
124.26,54.79,5780.37,37.74,28.0,Maquinaria_B,Turno_Mañana
100.68,44.72,5031.44,34.84,19.0,Maquinaria_C,Turno_Mañana
84.04,50.71,5410.41,32.5,22.0,Maquinaria_A,Turno_Noche
80.28,58.92,5037.14,25.92,21.0,Maquinaria_A,Turno_Mañana
116.59,60.45,4790.12,36.81,20.0,Maquinaria_B,Turno_Mañana
102.72,52.36,4688.78,28.12,15.0,Maquinaria_A,Turno_Noche
103.72,49.67,4824.15,34.15,22.0,Maquinaria_C,Turno_Mañana
114.92,55.55,5153.94,31.21,21.0,Maquinaria_B,Turno_Noche
100.19,50.14,5532.09,39.43,29.0,Maquinaria_B,Turno_Mañana
127.96,57.2,5592.09,38.29,27.0,Maquinaria_B,Turno_Mañana
106.3,56.41,5498.2,27.98,25.0,Maquinaria_A,Turno_Noche
96.38,50.46,6058.8,28.1,18.0,Maquinaria_A,Turno_Mañana
96.58,51.21,4651.49,26.62,16.0,Maquinaria_A,Turno_Mañana
122.74,61.7,5751.35,33.92,26.0,Maquinaria_B,Turno_Noche
100.14,58.31,5113.89,37.22,20.0,Maquinaria_B,Turno_Noche
95.29,54.13,5088.42,30.98,23.0,Maquinaria_C,Turno_Mañana
121.96,55.13,5375.59,33.59,29.0,Maquinaria_B,Turno_Mañana
107.01,47.6,5375.2,25.28,22.0,Maquinaria_A,Turno_Noche
81.89,45.46,4648.96,26.55,30.66,Maquinaria_A,Turno_Mañana
104.49,58.61,5356.9,39.34,24.0,Maquinaria_B,Turno_Noche
97.52,49.08,4921.16,33.77,20.0,Maquinaria_C,Turno_Noche
107.81,61.8,5584.2,33.92,28.0,Maquinaria_B,Turno_Mañana
101.18,50.38,5271.55,34.62,21.0,Maquinaria_B,Turno_Noche
127.12,50.53,5180.66,32.97,23.0,Maquinaria_B,Turno_Noche
105.58,50.25,4767.99,25.62,16.0,Maquinaria_A,Turno_Mañana
103.25,51.08,5166.82,30.89,15.0,Maquinaria_A,Turno_Noche
103.37,57.08,5269.25,30.37,25.0,Maquinaria_A,Turno_Mañana
100.9,57.67,5544.66,38.16,22.0,Maquinaria_B,Turno_Mañana
96.76,51.9,5051.65,30.33,22.0,Maquinaria_C,Turno_Mañana
107.2,60.83,5301.87,34.97,20.0,Maquinaria_B,Turno_Noche
107.59,61.37,5000.07,32.54,21.0,Maquinaria_B,Turno_Mañana
95.97,46.72,4893.63,28.76,19.0,Maquinaria_A,Turno_Mañana
80.65,56.55,4892.57,27.23,19.0,Maquinaria_A,Turno_Mañana
124.14,60.7,5408.68,35.18,23.0,Maquinaria_B,Turno_Mañana
92.45,52.47,4868.82,29.36,27.0,Maquinaria_C,Turno_Noche
94.6,55.39,5319.69,29.88,25.0,Maquinaria_A,Turno_Noche
116.06,47.59,4939.48,33.33,25.0,Maquinaria_C,Turno_Mañana
119.05,44.43,5082.12,31.66,20.0,Maquinaria_C,Turno_Noche
117.66,53.32,5184.74,34.77,23.0,Maquinaria_B,Turno_Noche
107.38,58.75,5258.04,34.73,30.0,Maquinaria_B,Turno_Noche
127.2,61.09,5900.44,32.02,20.0,Maquinaria_B,Turno_Mañana
100.64,51.16,4979.95,32.12,23.0,Maquinaria_C,Turno_Noche
124.94,55.02,5008.77,30.19,19.5,Maquinaria_A,Turno_Noche
102.64,53.04,5167.63,33.2,16.0,Maquinaria_A,Turno_Noche
109.78,60.63,5392.76,30.29,20.0,Maquinaria_B,Turno_Noche
88.39,45.93,5489.12,31.95,18.0,Maquinaria_A,Turno_Noche
109.33,45.49,4365.8,35.88,17.1,Maquinaria_C,Turno_Mañana
114.79,54.74,4964.85,29.47,23.0,Maquinaria_C,Turno_Noche
103.93,45.0,5454.59,31.63,18.0,Maquinaria_A,Turno_Noche
91.38,46.96,5073.59,33.38,19.0,Maquinaria_C,Turno_Mañana
110.22,44.84,4809.19,31.77,27.0,Maquinaria_C,Turno_Mañana
119.46,46.42,5152.43,28.07,23.0,Maquinaria_C,Turno_Mañana
127.4,64.68,5256.65,37.41,25.0,Maquinaria_B,Turno_Mañana
114.16,59.11,5179.59,35.47,29.0,Maquinaria_B,Turno_Noche
100.02,54.46,4620.43,34.56,25.0,Maquinaria_A,Turno_Noche
82.41,53.13,4856.01,34.87,20.0,Maquinaria_A,Turno_Noche
98.37,55.85,4788.91,34.74,18.0,Maquinaria_A,Turno_Noche
96.35,54.31,4924.37,32.0,21.0,Maquinaria_C,Turno_Noche
103.96,49.49,5015.55,29.15,20.0,Maquinaria_C,Turno_Mañana
114.17,62.57,5322.85,33.83,27.0,Maquinaria_B,Turno_Noche
128.85,59.75,5505.91,34.66,21.0,Maquinaria_B,Turno_Mañana
95.99,56.84,5266.5,30.75,20.0,Maquinaria_A,Turno_Mañana
90.19,54.57,5103.78,28.86,23.0,Maquinaria_A,Turno_Mañana
118.73,38.51,4974.84,32.19,21.0,Maquinaria_C,Turno_Noche
120.51,53.34,5561.86,39.2,25.0,Maquinaria_B,Turno_Noche
103.32,49.81,5552.74,34.52,28.0,Maquinaria_B,Turno_Mañana
103.19,40.16,5185.97,37.62,19.0,Maquinaria_C,Turno_Mañana
91.55,47.3,5929.68,34.32,21.0,Maquinaria_A,Turno_Mañana
107.12,51.08,5148.37,38.21,25.0,Maquinaria_B,Turno_Mañana
128.87,61.95,5353.49,38.51,23.0,Maquinaria_B,Turno_Mañana
113.39,56.78,5962.12,32.93,20.0,Maquinaria_B,Turno_Mañana
123.3,64.51,5387.57,36.87,28.0,Maquinaria_B,Turno_Noche
117.63,61.0,5855.65,35.42,29.0,Maquinaria_B,Turno_Mañana
98.43,41.0,4953.74,37.64,22.0,Maquinaria_C,Turno_Mañana
95.91,54.7,5080.97,35.99,26.0,Maquinaria_C,Turno_Mañana
113.2,46.09,5185.24,30.84,18.0,Maquinaria_C,Turno_Mañana
107.56,53.67,4885.73,27.28,15.0,Maquinaria_A,Turno_Mañana
129.12,61.03,5609.86,39.5,20.0,Maquinaria_B,Turno_Noche
103.69,44.82,4875.48,36.74,24.0,Maquinaria_C,Turno_Mañana
119.14,58.78,5901.56,30.52,26.0,Maquinaria_B,Turno_Noche
107.36,58.86,5680.08,32.71,27.0,Maquinaria_B,Turno_Mañana
112.68,54.9,5821.67,35.48,25.77,Maquinaria_B,Turno_Mañana
105.87,53.84,5757.6,32.38,30.0,Maquinaria_B,Turno_Noche
92.29,47.18,5263.71,33.53,24.0,Maquinaria_A,Turno_Mañana
118.77,35.78,4916.54,28.38,26.0,Maquinaria_C,Turno_Noche
97.38,50.66,5002.05,32.79,27.0,Maquinaria_C,Turno_Noche
94.24,45.69,5150.68,33.73,21.0,Maquinaria_A,Turno_Noche
112.74,54.3,5501.59,36.13,29.0,Maquinaria_B,Turno_Noche
108.63,57.49,5958.06,30.33,26.0,Maquinaria_B,Turno_Noche
109.72,53.57,5232.82,25.98,17.0,Maquinaria_A,Turno_Noche
102.56,49.31,4828.74,34.3,22.0,Maquinaria_A,Turno_Mañana
98.68,57.57,5435.49,26.42,18.0,Maquinaria_A,Turno_Noche
128.57,50.2,5172.16,25.84,25.0,Maquinaria_C,Turno_Mañana
114.43,53.77,5876.68,33.24,20.0,Maquinaria_B,Turno_Mañana
102.57,54.94,5107.02,35.63,24.0,Maquinaria_C,Turno_Noche
108.2,55.71,5478.58,35.75,24.43,Maquinaria_B,Turno_Noche
104.14,47.34,4806.64,30.3,21.0,Maquinaria_C,Turno_Noche
106.64,70.95,4871.93,34.44,22.0,Maquinaria_A,Turno_Mañana
90.3,44.09,4889.77,34.05,20.0,Maquinaria_C,Turno_Noche
83.55,48.5,4641.87,28.62,19.0,Maquinaria_A,Turno_Noche
128.42,53.96,5472.43,38.11,28.0,Maquinaria_B,Turno_Mañana
98.63,54.32,5494.97,31.86,29.0,Maquinaria_B,Turno_Noche
113.08,61.08,5526.58,38.87,23.0,Maquinaria_B,Turno_Mañana
80.39,55.92,4985.44,33.87,16.0,Maquinaria_A,Turno_Noche
80.7,52.97,4704.78,25.54,21.0,Maquinaria_A,Turno_Mañana
80.47,57.03,4600.7,30.96,15.0,Maquinaria_A,Turno_Noche
81.34,48.72,4692.88,27.15,19.0,Maquinaria_A,Turno_Mañana
88.32,59.43,4852.41,33.94,15.0,Maquinaria_A,Turno_Noche
104.75,51.28,4968.17,33.26,15.0,Maquinaria_A,Turno_Noche
124.31,64.26,5035.11,39.34,25.0,Maquinaria_B,Turno_Mañana
90.77,58.63,4796.26,29.09,17.0,Maquinaria_A,Turno_Noche
116.5,53.51,5192.28,31.32,19.0,Maquinaria_C,Turno_Noche
94.5,51.31,5087.63,33.6,24.0,Maquinaria_C,Turno_Mañana
118.08,61.79,5153.51,35.89,25.0,Maquinaria_B,Turno_Mañana
109.39,58.65,5426.57,38.76,20.0,Maquinaria_B,Turno_Noche
122.85,63.87,5820.32,33.3,23.0,Maquinaria_B,Turno_Mañana
118.56,53.16,5049.55,28.17,23.0,Maquinaria_C,Turno_Noche
129.36,60.22,5160.99,34.61,25.0,Maquinaria_B,Turno_Noche
87.14,54.7,5027.96,30.29,28.0,Maquinaria_B,Turno_Mañana
82.97,51.04,5058.52,27.44,19.99,Maquinaria_A,Turno_Mañana
115.02,63.73,5419.67,31.08,28.0,Maquinaria_B,Turno_Noche
116.91,45.7,5279.42,34.95,22.0,Maquinaria_C,Turno_Mañana
124.02,55.66,5670.24,34.72,20.0,Maquinaria_B,Turno_Noche
100.53,55.3,5180.81,32.66,27.81,Maquinaria_B,Turno_Mañana
87.07,56.37,5133.83,34.55,27.97,Maquinaria_A,Turno_Noche
89.72,56.97,5032.16,26.27,17.0,Maquinaria_A,Turno_Noche
121.99,60.05,5216.38,38.62,24.0,Maquinaria_B,Turno_Noche
126.9,51.68,5530.23,39.58,24.0,Maquinaria_B,Turno_Noche
98.58,44.7,4257.58,37.02,18.0,Maquinaria_C,Turno_Noche
108.14,53.47,5198.62,21.87,22.0,Maquinaria_B,Turno_Noche
106.61,40.82,5163.75,34.04,23.0,Maquinaria_C,Turno_Noche
102.1,51.4,4928.4,35.22,26.0,Maquinaria_C,Turno_Mañana
123.78,62.51,5120.39,36.83,24.0,Maquinaria_B,Turno_Mañana
95.06,50.31,5042.47,33.53,27.0,Maquinaria_C,Turno_Mañana
105.2,41.73,5127.5,31.53,28.0,Maquinaria_C,Turno_Noche
91.11,52.28,4581.92,30.79,18.0,Maquinaria_A,Turno_Mañana
115.79,57.06,5014.67,37.0,21.0,Maquinaria_B,Turno_Mañana
108.8,50.07,5264.2,39.55,26.0,Maquinaria_B,Turno_Mañana
108.83,55.14,5229.2,35.65,20.0,Maquinaria_B,Turno_Mañana
118.33,42.1,5153.03,28.8,20.0,Maquinaria_C,Turno_Noche
111.93,55.84,5442.85,32.18,29.0,Maquinaria_B,Turno_Noche
119.97,68.33,5942.84,35.34,24.0,Maquinaria_B,Turno_Mañana
127.12,52.51,5793.4,34.62,29.0,Maquinaria_B,Turno_Noche
105.57,41.45,5155.9,28.62,19.0,Maquinaria_C,Turno_Noche
101.91,56.49,4605.83,32.68,22.0,Maquinaria_A,Turno_Noche
104.38,59.49,5792.56,37.73,20.0,Maquinaria_B,Turno_Noche
108.17,50.3,5354.65,36.69,22.0,Maquinaria_A,Turno_Noche
113.83,64.48,5796.51,35.59,23.0,Maquinaria_B,Turno_Mañana
125.36,56.83,5092.69,34.55,26.0,Maquinaria_B,Turno_Noche
90.57,43.89,4803.38,36.81,26.0,Maquinaria_C,Turno_Mañana
104.52,54.26,5414.4,33.14,17.0,Maquinaria_A,Turno_Noche
90.48,46.82,4941.59,34.49,18.0,Maquinaria_C,Turno_Mañana
103.24,51.71,5160.8,32.65,24.0,Maquinaria_A,Turno_Mañana
108.86,41.49,5152.57,33.66,26.54,Maquinaria_C,Turno_Noche
108.61,56.93,4889.79,30.84,21.0,Maquinaria_A,Turno_Mañana
107.05,41.75,4817.15,31.84,22.0,Maquinaria_C,Turno_Noche
108.92,54.93,4568.78,25.11,25.0,Maquinaria_A,Turno_Mañana
80.9,55.79,5455.36,29.7,22.0,Maquinaria_A,Turno_Mañana
99.56,52.57,5057.65,28.18,12.72,Maquinaria_A,Turno_Noche
92.59,47.99,5156.61,28.74,22.0,Maquinaria_A,Turno_Mañana
122.03,56.29,5166.14,37.12,22.0,Maquinaria_B,Turno_Noche
113.79,52.4,5181.57,31.89,25.0,Maquinaria_C,Turno_Mañana
83.49,54.14,5063.15,29.94,15.46,Maquinaria_A,Turno_Noche
107.54,49.95,4703.36,30.7,18.0,Maquinaria_A,Turno_Mañana
100.46,53.41,5842.46,39.16,24.0,Maquinaria_B,Turno_Mañana
110.48,40.4,5175.47,30.12,26.0,Maquinaria_C,Turno_Noche
104.66,51.14,5158.06,36.65,21.25,Maquinaria_B,Turno_Noche
109.48,63.26,5069.27,27.91,20.0,Maquinaria_A,Turno_Mañana
100.59,54.03,5090.42,30.46,20.0,Maquinaria_A,Turno_Noche
83.87,46.1,4654.12,27.45,22.0,Maquinaria_A,Turno_Mañana
89.43,52.55,5020.82,34.97,26.23,Maquinaria_A,Turno_Mañana
97.49,57.42,4652.05,33.61,19.0,Maquinaria_A,Turno_Mañana
115.96,62.36,5177.72,34.65,24.0,Maquinaria_B,Turno_Noche
85.54,56.35,4579.0,34.46,18.0,Maquinaria_A,Turno_Noche
100.08,41.75,4973.04,34.6,23.19,Maquinaria_C,Turno_Noche
117.94,41.65,5011.12,29.33,27.0,Maquinaria_C,Turno_Mañana
94.83,53.57,4914.81,29.8,19.0,Maquinaria_C,Turno_Mañana
99.52,54.61,5098.07,34.52,24.0,Maquinaria_A,Turno_Mañana
98.32,47.05,4868.76,34.62,12.63,Maquinaria_A,Turno_Noche
103.48,42.26,5037.53,33.38,27.0,Maquinaria_C,Turno_Mañana
109.13,48.97,5366.45,28.65,20.0,Maquinaria_A,Turno_Noche
122.8,53.69,4854.04,30.51,18.0,Maquinaria_C,Turno_Noche
99.07,50.68,4841.09,30.99,26.0,Maquinaria_C,Turno_Noche
96.23,46.88,4857.52,33.82,25.0,Maquinaria_A,Turno_Noche
126.19,57.03,5213.86,38.89,26.0,Maquinaria_B,Turno_Noche
125.68,51.4,5753.68,36.9,28.0,Maquinaria_B,Turno_Mañana
109.7,59.51,5282.72,39.85,23.0,Maquinaria_B,Turno_Mañana
115.59,53.19,4503.2,33.4,19.0,Maquinaria_A,Turno_Mañana
80.15,47.79,5479.86,33.67,17.0,Maquinaria_A,Turno_Mañana
103.43,64.48,5870.19,38.85,30.0,Maquinaria_B,Turno_Noche
107.05,59.8,4827.41,32.03,25.0,Maquinaria_A,Turno_Noche
75.59,52.36,4732.82,34.66,20.0,Maquinaria_A,Turno_Noche
124.55,57.46,5884.34,35.93,25.0,Maquinaria_B,Turno_Mañana
113.2,51.51,5002.74,28.41,25.0,Maquinaria_C,Turno_Mañana
113.13,45.35,4807.1,34.58,19.0,Maquinaria_C,Turno_Noche
96.79,45.69,4810.38,33.98,21.0,Maquinaria_A,Turno_Mañana
99.05,42.47,4983.07,36.66,23.0,Maquinaria_C,Turno_Mañana
102.18,62.9,5714.19,37.71,24.0,Maquinaria_B,Turno_Mañana
108.44,41.64,5400.66,32.9,25.0,Maquinaria_B,Turno_Noche
128.82,40.47,4873.73,36.41,25.0,Maquinaria_C,Turno_Mañana
129.27,60.57,5011.39,36.98,24.0,Maquinaria_B,Turno_Noche
111.58,44.64,4250.17,31.65,26.0,Maquinaria_C,Turno_Mañana
98.48,50.44,4879.52,30.89,21.0,Maquinaria_C,Turno_Noche
118.01,53.6,5881.55,35.91,26.0,Maquinaria_B,Turno_Mañana
114.03,40.56,4829.51,33.78,25.0,Maquinaria_C,Turno_Mañana
85.79,55.24,4588.78,29.0,21.0,Maquinaria_A,Turno_Noche
104.09,46.92,4620.6,32.82,15.0,Maquinaria_A,Turno_Noche
93.71,48.64,4913.69,37.7,19.0,Maquinaria_C,Turno_Noche
127.91,62.03,5838.37,36.21,26.0,Maquinaria_B,Turno_Mañana
92.17,54.98,5041.44,34.01,29.0,Maquinaria_B,Turno_Noche
109.45,54.43,4842.48,37.12,26.0,Maquinaria_C,Turno_Mañana
113.45,41.22,4905.64,33.89,19.0,Maquinaria_C,Turno_Noche
122.27,50.35,5133.89,30.25,21.0,Maquinaria_B,Turno_Mañana
85.1,56.53,5466.8,34.35,28.12,Maquinaria_A,Turno_Mañana
93.34,45.5,4901.18,35.36,19.0,Maquinaria_C,Turno_Mañana
105.39,48.61,5159.42,26.75,17.0,Maquinaria_A,Turno_Noche
105.11,48.57,4953.98,37.3,21.0,Maquinaria_C,Turno_Mañana
99.81,56.39,5570.85,27.05,25.0,Maquinaria_A,Turno_Noche
116.18,42.71,4861.71,33.67,22.0,Maquinaria_C,Turno_Mañana
110.38,54.4,5081.78,36.64,26.0,Maquinaria_B,Turno_Mañana
110.21,53.13,4973.2,37.47,22.0,Maquinaria_C,Turno_Mañana
119.94,63.02,5337.57,38.76,25.0,Maquinaria_B,Turno_Mañana
80.7,46.2,4934.94,30.97,22.0,Maquinaria_A,Turno_Noche
101.14,51.93,5055.79,39.05,30.0,Maquinaria_B,Turno_Mañana
123.9,54.96,5798.93,30.05,16.09,Maquinaria_B,Turno_Mañana
98.03,41.4,4912.28,40.42,27.0,Maquinaria_C,Turno_Noche
108.24,41.73,5106.6,29.27,20.0,Maquinaria_C,Turno_Mañana
92.46,55.33,5245.15,31.99,19.0,Maquinaria_A,Turno_Noche
100.77,61.62,5560.37,30.82,26.0,Maquinaria_B,Turno_Noche
106.55,57.94,4509.69,31.74,22.0,Maquinaria_A,Turno_Mañana
96.38,49.85,5313.55,31.97,16.0,Maquinaria_A,Turno_Mañana
99.49,46.45,5474.43,29.09,22.0,Maquinaria_A,Turno_Noche
94.98,69.85,4823.45,32.85,14.83,Maquinaria_C,Turno_Noche
82.33,47.76,4902.71,27.09,28.71,Maquinaria_A,Turno_Noche
123.05,62.67,5093.3,31.29,29.0,Maquinaria_B,Turno_Noche
84.08,50.46,5109.99,29.8,24.0,Maquinaria_A,Turno_Noche
118.59,53.72,4859.2,39.03,25.0,Maquinaria_C,Turno_Noche
101.73,51.24,5764.36,34.07,26.0,Maquinaria_B,Turno_Noche
84.48,54.02,4697.54,25.6,18.0,Maquinaria_A,Turno_Noche
126.22,59.14,5164.04,34.62,30.0,Maquinaria_B,Turno_Mañana
91.72,44.13,5069.67,30.56,21.0,Maquinaria_C,Turno_Noche
95.14,48.89,4892.18,32.34,25.0,Maquinaria_A,Turno_Mañana
109.13,56.04,5089.41,33.04,20.0,Maquinaria_A,Turno_Mañana
84.06,56.04,5338.51,28.17,20.0,Maquinaria_A,Turno_Noche
95.25,44.29,4820.62,28.08,18.0,Maquinaria_C,Turno_Noche
112.26,51.33,5550.58,39.44,21.0,Maquinaria_B,Turno_Mañana
106.76,50.74,4539.13,28.82,21.0,Maquinaria_A,Turno_Mañana
107.9,53.49,6187.34,33.36,24.0,Maquinaria_A,Turno_Noche
87.44,50.13,4576.82,25.55,12.42,Maquinaria_A,Turno_Noche
107.7,52.4,5344.09,27.59,21.0,Maquinaria_A,Turno_Noche
103.07,58.98,5169.07,31.45,30.0,Maquinaria_B,Turno_Noche
103.11,49.56,5188.01,28.4,21.0,Maquinaria_C,Turno_Mañana
97.45,54.97,5077.6,32.77,27.0,Maquinaria_C,Turno_Mañana
115.84,50.76,5302.15,36.67,20.0,Maquinaria_B,Turno_Mañana
88.04,53.1,5023.61,32.31,21.0,Maquinaria_A,Turno_Mañana
101.43,58.93,5825.28,32.74,24.0,Maquinaria_B,Turno_Mañana
101.84,58.59,5567.44,32.02,20.0,Maquinaria_B,Turno_Mañana
112.59,63.31,5933.68,33.62,25.0,Maquinaria_B,Turno_Mañana
111.38,36.56,5831.3,31.63,25.0,Maquinaria_B,Turno_Noche
124.67,61.43,5100.93,30.11,24.0,Maquinaria_B,Turno_Noche
102.42,62.0,5162.17,31.95,24.0,Maquinaria_B,Turno_Noche
94.83,51.89,4813.95,28.79,26.0,Maquinaria_C,Turno_Noche
106.98,48.64,4920.52,34.19,18.0,Maquinaria_C,Turno_Mañana
117.21,55.9,5769.36,38.4,29.0,Maquinaria_B,Turno_Mañana
128.95,59.7,5141.31,31.61,25.0,Maquinaria_B,Turno_Noche
102.78,55.87,5344.71,30.9,26.0,Maquinaria_B,Turno_Mañana
102.0,48.38,5123.68,31.12,28.0,Maquinaria_C,Turno_Mañana
92.47,46.77,5304.69,30.66,25.0,Maquinaria_A,Turno_Mañana
91.9,51.5,4743.71,26.36,18.0,Maquinaria_A,Turno_Mañana
80.05,53.12,5489.91,28.28,23.0,Maquinaria_A,Turno_Noche
102.74,58.49,5079.24,30.18,24.0,Maquinaria_B,Turno_Noche
87.22,53.92,5428.64,32.2,21.0,Maquinaria_A,Turno_Noche
113.5,62.67,5223.0,33.51,22.0,Maquinaria_B,Turno_Noche
92.81,56.17,4667.67,33.85,21.0,Maquinaria_A,Turno_Mañana
90.41,43.15,5080.0,27.78,20.0,Maquinaria_C,Turno_Noche
103.03,49.92,4850.83,32.32,26.0,Maquinaria_C,Turno_Mañana
116.94,51.97,5371.04,31.95,22.0,Maquinaria_B,Turno_Noche
80.1,45.6,5231.67,34.69,20.0,Maquinaria_A,Turno_Mañana
85.17,58.92,4668.22,28.75,18.19,Maquinaria_A,Turno_Noche
94.22,53.98,4902.34,31.38,16.0,Maquinaria_A,Turno_Mañana
107.33,45.47,4665.11,34.59,24.0,Maquinaria_A,Turno_Mañana
95.65,48.93,5373.72,26.96,21.0,Maquinaria_A,Turno_Mañana
114.86,51.21,4862.28,32.77,28.0,Maquinaria_C,Turno_Mañana
117.59,60.34,5256.33,38.4,27.0,Maquinaria_B,Turno_Mañana
92.51,59.6,4867.75,27.93,24.0,Maquinaria_A,Turno_Mañana
113.12,43.32,4845.37,30.53,26.0,Maquinaria_C,Turno_Mañana
109.1,59.81,4685.18,34.56,20.0,Maquinaria_A,Turno_Mañana
117.19,51.18,4843.49,33.35,27.0,Maquinaria_C,Turno_Mañana
113.27,57.41,5860.28,36.28,30.0,Maquinaria_B,Turno_Noche
99.24,51.81,5418.97,29.53,24.0,Maquinaria_A,Turno_Noche
80.05,60.56,4863.66,25.61,16.0,Maquinaria_A,Turno_Noche
110.98,44.59,5041.13,37.77,20.0,Maquinaria_C,Turno_Noche
126.62,56.63,5001.96,32.85,23.0,Maquinaria_B,Turno_Noche
117.06,52.65,4775.21,37.25,18.0,Maquinaria_C,Turno_Mañana
96.12,43.64,5066.36,35.02,22.0,Maquinaria_C,Turno_Noche
117.86,56.6,5124.38,38.57,28.0,Maquinaria_B,Turno_Noche
89.62,53.39,5181.95,26.6,25.0,Maquinaria_A,Turno_Mañana
100.97,64.04,5191.67,30.62,16.0,Maquinaria_A,Turno_Noche
94.98,40.15,4895.15,32.03,18.0,Maquinaria_C,Turno_Noche
102.65,61.68,5099.34,39.12,28.0,Maquinaria_B,Turno_Mañana
118.43,54.84,5691.31,34.96,27.0,Maquinaria_B,Turno_Noche
106.54,55.81,4584.15,32.72,17.0,Maquinaria_A,Turno_Noche
98.8,59.89,5332.59,28.66,19.0,Maquinaria_A,Turno_Mañana
94.21,40.66,5143.0,37.33,28.0,Maquinaria_C,Turno_Mañana
94.7,59.35,5486.62,27.96,23.0,Maquinaria_A,Turno_Mañana
112.51,60.01,5278.36,32.9,28.0,Maquinaria_B,Turno_Mañana
90.88,41.51,4968.26,35.31,20.0,Maquinaria_C,Turno_Noche
99.18,44.58,5149.04,30.26,19.0,Maquinaria_C,Turno_Noche
109.32,60.64,5650.94,37.65,28.0,Maquinaria_B,Turno_Noche
91.21,55.62,4575.8,33.95,25.0,Maquinaria_A,Turno_Mañana
106.51,47.02,5155.69,28.21,20.0,Maquinaria_A,Turno_Noche
116.63,60.76,5354.14,35.46,29.0,Maquinaria_B,Turno_Mañana
104.32,66.53,5041.94,31.73,30.57,Maquinaria_A,Turno_Noche
84.4,57.7,4864.86,29.39,23.0,Maquinaria_A,Turno_Mañana
92.89,49.4,4836.37,35.82,28.0,Maquinaria_C,Turno_Noche
96.16,57.17,5288.04,29.96,21.0,Maquinaria_A,Turno_Noche
94.93,49.18,4802.43,32.44,18.0,Maquinaria_A,Turno_Mañana
100.61,54.58,5860.38,38.04,20.0,Maquinaria_B,Turno_Mañana
116.63,57.68,5594.02,24.54,24.82,Maquinaria_B,Turno_Mañana
111.54,54.33,5571.15,39.15,28.0,Maquinaria_B,Turno_Noche
125.7,52.73,5125.66,35.44,24.0,Maquinaria_B,Turno_Noche
124.04,51.37,5176.85,33.26,27.0,Maquinaria_B,Turno_Mañana
120.55,58.49,5723.03,33.8,22.0,Maquinaria_B,Turno_Mañana
103.51,46.38,4894.24,30.82,23.0,Maquinaria_C,Turno_Mañana
88.63,47.81,4800.73,33.87,19.0,Maquinaria_A,Turno_Mañana
96.76,44.82,4801.11,35.56,25.0,Maquinaria_C,Turno_Noche
97.94,45.38,5334.5,26.87,21.0,Maquinaria_A,Turno_Mañana
109.04,63.81,5928.82,35.03,21.43,Maquinaria_B,Turno_Mañana
94.5,58.79,4872.57,34.63,22.0,Maquinaria_A,Turno_Noche
117.97,51.43,5182.08,33.54,25.0,Maquinaria_C,Turno_Noche
87.11,58.85,4758.75,26.98,21.0,Maquinaria_A,Turno_Mañana
81.84,50.3,4944.3,34.26,25.0,Maquinaria_A,Turno_Noche
103.98,62.77,5781.72,39.38,26.0,Maquinaria_B,Turno_Mañana
112.64,40.67,5199.34,36.01,26.0,Maquinaria_C,Turno_Noche
121.59,60.61,5646.44,24.38,29.0,Maquinaria_B,Turno_Noche
129.29,55.49,5970.49,35.16,22.0,Maquinaria_B,Turno_Mañana
116.24,59.49,5476.64,39.71,29.0,Maquinaria_B,Turno_Noche
93.34,54.57,4562.41,34.42,22.0,Maquinaria_A,Turno_Mañana
98.82,54.05,5221.69,33.54,23.0,Maquinaria_A,Turno_Mañana
90.37,42.32,5073.77,32.16,20.0,Maquinaria_C,Turno_Noche
92.87,55.69,5066.16,26.2,25.0,Maquinaria_A,Turno_Noche
103.37,49.5,4844.2,27.04,22.0,Maquinaria_A,Turno_Mañana
102.68,53.77,5662.01,28.87,25.0,Maquinaria_C,Turno_Noche
127.79,62.03,5268.61,36.99,25.0,Maquinaria_B,Turno_Noche
93.01,43.42,5090.98,34.48,13.07,Maquinaria_C,Turno_Noche
95.21,46.6,4900.64,36.04,28.0,Maquinaria_C,Turno_Mañana
103.85,42.82,4812.62,27.79,15.0,Maquinaria_A,Turno_Noche
100.22,50.45,4896.1,31.25,19.0,Maquinaria_C,Turno_Noche
120.54,44.08,5024.29,37.3,26.0,Maquinaria_C,Turno_Mañana
98.83,49.71,5328.0,32.82,25.0,Maquinaria_A,Turno_Noche
92.37,54.06,5149.37,32.29,27.0,Maquinaria_C,Turno_Mañana
128.76,61.57,5300.32,35.86,25.0,Maquinaria_B,Turno_Mañana
80.4,50.07,5470.71,29.58,20.0,Maquinaria_A,Turno_Mañana
111.32,63.15,5163.3,30.48,24.0,Maquinaria_B,Turno_Mañana
97.51,51.75,5059.26,28.17,24.0,Maquinaria_C,Turno_Noche
101.45,60.27,5775.58,38.98,26.0,Maquinaria_B,Turno_Mañana
107.21,55.05,5408.83,31.16,21.0,Maquinaria_B,Turno_Mañana
97.22,53.6,5165.74,32.24,17.0,Maquinaria_A,Turno_Mañana
104.14,64.86,5852.02,34.73,29.0,Maquinaria_B,Turno_Noche
115.59,59.91,5566.19,37.12,24.0,Maquinaria_B,Turno_Mañana
125.23,51.48,4327.43,33.37,24.0,Maquinaria_B,Turno_Mañana
105.1,40.28,5185.59,33.19,23.0,Maquinaria_C,Turno_Mañana
85.82,57.41,4670.49,32.01,16.0,Maquinaria_A,Turno_Mañana
105.94,51.57,5056.91,37.29,29.0,Maquinaria_B,Turno_Mañana
101.18,50.32,5935.18,31.79,25.59,Maquinaria_B,Turno_Mañana
102.0,55.14,4547.01,30.7,17.23,Maquinaria_A,Turno_Mañana
120.58,56.57,5096.16,33.61,20.0,Maquinaria_B,Turno_Mañana
93.51,53.14,5121.81,28.27,20.84,Maquinaria_C,Turno_Mañana
104.94,53.31,5276.19,32.78,18.0,Maquinaria_A,Turno_Mañana
115.33,54.31,5125.04,35.8,20.0,Maquinaria_B,Turno_Mañana
92.87,46.07,5014.36,37.04,19.0,Maquinaria_C,Turno_Mañana
108.1,63.39,5780.7,37.26,22.0,Maquinaria_B,Turno_Noche
94.34,47.34,5111.76,32.8,26.11,Maquinaria_C,Turno_Noche
83.94,50.03,5829.92,36.47,26.0,Maquinaria_B,Turno_Mañana
105.39,49.61,4946.31,35.99,20.0,Maquinaria_C,Turno_Noche
102.55,51.32,5566.87,31.29,24.0,Maquinaria_B,Turno_Noche
104.19,47.98,4930.39,22.52,28.0,Maquinaria_C,Turno_Noche
118.51,54.92,4949.8,32.61,18.0,Maquinaria_C,Turno_Mañana
114.77,47.14,4922.33,29.63,24.0,Maquinaria_C,Turno_Noche
91.28,45.02,5123.44,34.88,22.0,Maquinaria_C,Turno_Noche
105.94,34.98,5302.42,29.8,21.0,Maquinaria_A,Turno_Mañana
92.76,48.6,4955.49,28.71,27.0,Maquinaria_C,Turno_Noche
96.28,44.83,4822.01,31.26,27.0,Maquinaria_C,Turno_Noche
99.86,46.27,5054.36,31.83,28.0,Maquinaria_C,Turno_Noche
100.51,42.17,5092.6,31.43,21.0,Maquinaria_C,Turno_Noche
97.81,47.69,4558.06,26.63,21.0,Maquinaria_A,Turno_Mañana
120.81,59.62,5005.21,37.93,20.0,Maquinaria_B,Turno_Noche
100.39,45.49,4893.79,25.2,16.0,Maquinaria_A,Turno_Mañana
119.7,42.69,5029.75,36.67,18.0,Maquinaria_C,Turno_Noche
103.27,45.52,5154.72,38.06,18.0,Maquinaria_A,Turno_Noche
108.25,50.93,5404.13,28.35,21.0,Maquinaria_A,Turno_Noche
119.87,55.38,4891.45,36.37,25.0,Maquinaria_C,Turno_Noche
108.18,62.22,5346.52,36.46,27.0,Maquinaria_B,Turno_Noche
95.9,48.69,5140.28,37.57,20.0,Maquinaria_C,Turno_Mañana
95.11,48.04,4974.44,30.08,23.0,Maquinaria_C,Turno_Mañana
135.01,62.97,4324.7,36.24,25.0,Maquinaria_B,Turno_Mañana
89.95,60.33,5539.75,31.82,30.0,Maquinaria_B,Turno_Noche
114.6,41.04,4805.67,34.11,23.0,Maquinaria_C,Turno_Mañana
124.77,57.95,5842.37,38.25,29.0,Maquinaria_B,Turno_Noche
103.74,52.53,4986.19,28.66,25.0,Maquinaria_C,Turno_Mañana
106.81,55.01,5160.31,38.06,20.0,Maquinaria_B,Turno_Mañana
112.24,49.24,4848.22,29.73,18.0,Maquinaria_C,Turno_Mañana
104.15,54.94,4673.26,27.2,17.0,Maquinaria_A,Turno_Noche
118.84,60.55,5748.25,36.21,28.0,Maquinaria_B,Turno_Mañana
121.14,58.1,5676.14,32.78,14.84,Maquinaria_B,Turno_Noche
95.78,46.3,5061.4,37.45,22.0,Maquinaria_C,Turno_Mañana
119.82,51.95,5046.95,36.13,21.0,Maquinaria_C,Turno_Noche
84.65,53.73,5230.25,34.46,24.0,Maquinaria_A,Turno_Noche
101.91,42.74,5151.18,36.24,15.89,Maquinaria_C,Turno_Noche
90.18,62.17,5635.3,33.46,30.0,Maquinaria_B,Turno_Noche
113.45,43.17,5000.32,33.26,27.0,Maquinaria_C,Turno_Noche
94.77,45.79,4500.07,33.8,18.0,Maquinaria_A,Turno_Noche
127.22,57.44,5431.11,32.96,25.0,Maquinaria_B,Turno_Noche
95.94,48.21,4989.48,30.24,28.0,Maquinaria_C,Turno_Noche
112.13,53.75,5382.6,27.18,22.0,Maquinaria_A,Turno_Noche
103.96,50.04,5124.11,35.91,20.0,Maquinaria_C,Turno_Noche
111.95,59.36,4868.97,37.74,30.0,Maquinaria_B,Turno_Mañana
99.89,46.26,5019.17,35.17,25.0,Maquinaria_C,Turno_Noche
111.28,54.78,5055.95,34.54,24.0,Maquinaria_B,Turno_Mañana
97.9,55.13,4688.01,27.62,23.0,Maquinaria_A,Turno_Mañana
108.07,46.23,5232.02,31.83,15.0,Maquinaria_A,Turno_Noche
110.43,54.96,5328.85,36.01,27.0,Maquinaria_B,Turno_Mañana
104.42,56.49,5010.08,34.12,20.0,Maquinaria_A,Turno_Noche
108.09,41.79,4975.79,31.09,28.0,Maquinaria_C,Turno_Noche
104.47,57.88,5157.1,30.2,20.0,Maquinaria_A,Turno_Mañana
119.11,62.73,5229.34,39.17,25.0,Maquinaria_B,Turno_Noche
104.77,47.75,5036.13,29.08,22.0,Maquinaria_C,Turno_Mañana
87.47,47.46,5358.32,34.09,19.0,Maquinaria_A,Turno_Mañana
101.32,40.42,4970.46,28.85,25.0,Maquinaria_C,Turno_Mañana
95.99,49.45,4981.91,30.93,22.0,Maquinaria_A,Turno_Mañana
92.93,56.46,5971.44,25.39,16.0,Maquinaria_A,Turno_Noche
102.64,59.12,5496.14,31.33,23.0,Maquinaria_B,Turno_Noche
94.68,55.6,5045.2,28.17,21.0,Maquinaria_A,Turno_Noche
127.59,58.95,5754.05,34.8,25.0,Maquinaria_B,Turno_Mañana
85.25,55.81,4603.55,32.72,17.0,Maquinaria_A,Turno_Noche
105.85,43.91,5099.96,31.58,20.0,Maquinaria_C,Turno_Mañana
108.57,52.53,5003.02,25.91,21.0,Maquinaria_A,Turno_Mañana
108.53,41.8,4870.27,32.32,23.0,Maquinaria_C,Turno_Mañana
116.74,51.15,5040.35,35.11,29.0,Maquinaria_B,Turno_Mañana
81.79,50.65,4561.78,28.85,19.0,Maquinaria_A,Turno_Mañana
119.65,49.96,5019.8,35.92,21.0,Maquinaria_C,Turno_Mañana
93.05,57.45,5432.81,28.08,19.0,Maquinaria_A,Turno_Noche
91.0,49.65,4842.35,36.88,27.0,Maquinaria_C,Turno_Noche
91.37,46.71,5061.81,31.42,23.0,Maquinaria_A,Turno_Noche
95.85,43.11,5178.97,36.65,19.0,Maquinaria_C,Turno_Mañana
115.24,43.15,5334.77,36.67,18.0,Maquinaria_C,Turno_Mañana
88.4,35.59,4752.32,29.57,24.0,Maquinaria_A,Turno_Noche
96.79,49.03,5478.42,29.48,25.0,Maquinaria_A,Turno_Noche
111.86,49.12,4936.9,31.04,26.0,Maquinaria_C,Turno_Noche
127.7,53.27,5257.84,31.76,29.0,Maquinaria_B,Turno_Mañana
101.65,50.28,4694.2,31.88,25.0,Maquinaria_B,Turno_Noche
123.4,58.79,5687.64,34.71,28.0,Maquinaria_B,Turno_Noche
100.22,53.81,5571.26,43.05,28.0,Maquinaria_B,Turno_Mañana
88.03,55.39,4551.23,33.91,24.0,Maquinaria_A,Turno_Mañana
107.7,41.87,5084.06,37.3,18.0,Maquinaria_C,Turno_Noche
117.04,60.2,5266.73,36.5,29.0,Maquinaria_B,Turno_Noche
128.95,59.36,5162.69,35.81,28.0,Maquinaria_B,Turno_Mañana
125.1,50.63,5606.53,36.98,20.0,Maquinaria_B,Turno_Mañana
122.24,53.59,5037.46,38.18,28.0,Maquinaria_B,Turno_Mañana
96.04,46.72,4988.83,28.11,18.0,Maquinaria_C,Turno_Mañana
101.83,37.9,4681.31,32.18,22.0,Maquinaria_A,Turno_Noche
107.04,46.47,4833.48,34.0,26.0,Maquinaria_C,Turno_Noche
105.25,53.08,5053.6,32.7,32.09,Maquinaria_B,Turno_Noche
109.13,57.07,5616.04,39.31,30.0,Maquinaria_B,Turno_Noche
118.67,55.49,5257.87,36.07,28.0,Maquinaria_B,Turno_Noche
108.04,50.88,5353.52,23.56,20.0,Maquinaria_B,Turno_Mañana
99.31,44.39,5080.55,35.35,26.0,Maquinaria_C,Turno_Mañana
117.48,50.86,4595.17,26.36,22.0,Maquinaria_A,Turno_Noche
109.63,52.05,5673.29,37.0,28.0,Maquinaria_B,Turno_Mañana
111.67,44.54,4894.79,36.53,22.0,Maquinaria_C,Turno_Noche
112.99,63.08,5001.91,30.05,24.0,Maquinaria_B,Turno_Noche
126.44,54.78,5652.97,38.76,27.0,Maquinaria_B,Turno_Noche
125.67,58.58,5414.02,35.23,27.0,Maquinaria_B,Turno_Noche
111.66,47.52,4866.6,36.99,27.0,Maquinaria_C,Turno_Mañana
85.32,51.38,5087.25,26.47,16.0,Maquinaria_A,Turno_Noche
98.88,37.53,4909.18,33.0,22.0,Maquinaria_C,Turno_Noche
113.06,44.28,5000.61,32.06,24.0,Maquinaria_C,Turno_Noche
101.57,43.49,5143.37,32.02,19.0,Maquinaria_C,Turno_Mañana
99.73,40.34,4919.86,37.42,18.0,Maquinaria_C,Turno_Noche
118.88,42.87,4913.67,37.32,25.0,Maquinaria_C,Turno_Mañana
107.72,53.01,5470.96,25.26,19.0,Maquinaria_A,Turno_Mañana
111.19,58.46,5898.37,34.49,26.0,Maquinaria_B,Turno_Noche
125.61,41.71,5147.93,35.91,21.0,Maquinaria_B,Turno_Mañana
103.88,45.2,4920.23,36.61,21.0,Maquinaria_C,Turno_Mañana
99.77,48.74,4929.95,29.33,19.0,Maquinaria_C,Turno_Noche
111.33,40.44,5040.33,28.28,19.0,Maquinaria_C,Turno_Noche
105.05,61.96,5962.47,35.17,27.0,Maquinaria_B,Turno_Mañana
103.76,54.96,5450.32,37.14,24.0,Maquinaria_B,Turno_Noche
113.0,56.53,5765.26,39.35,30.0,Maquinaria_B,Turno_Mañana
118.71,42.86,5025.57,34.86,23.0,Maquinaria_C,Turno_Noche
106.09,49.02,5089.72,29.15,18.0,Maquinaria_C,Turno_Noche
122.4,53.59,5967.48,39.74,23.0,Maquinaria_B,Turno_Noche
103.56,41.51,5127.62,37.65,20.0,Maquinaria_C,Turno_Mañana
96.64,53.75,5301.62,26.52,17.0,Maquinaria_A,Turno_Mañana
121.65,50.52,5566.92,30.28,22.0,Maquinaria_B,Turno_Mañana
124.6,62.1,5642.86,30.43,30.0,Maquinaria_B,Turno_Noche
115.34,46.78,4885.62,36.08,24.0,Maquinaria_C,Turno_Mañana
88.0,54.95,4607.43,34.54,18.0,Maquinaria_A,Turno_Noche
109.84,64.58,5057.67,36.16,22.0,Maquinaria_B,Turno_Noche
109.54,52.43,5795.65,30.76,18.0,Maquinaria_A,Turno_Mañana
105.63,47.11,4825.35,31.31,19.0,Maquinaria_A,Turno_Noche
98.79,46.25,5036.24,35.62,20.0,Maquinaria_C,Turno_Mañana
106.42,62.05,5264.67,31.12,23.0,Maquinaria_B,Turno_Noche
82.72,54.88,4920.22,33.71,21.0,Maquinaria_A,Turno_Mañana
125.81,53.94,5442.53,33.18,26.0,Maquinaria_B,Turno_Noche
94.05,47.94,4852.91,28.31,27.0,Maquinaria_C,Turno_Noche
127.2,56.34,5906.29,34.97,28.0,Maquinaria_B,Turno_Mañana
99.44,45.71,4801.55,36.43,24.0,Maquinaria_C,Turno_Mañana
118.92,62.61,5846.58,32.71,27.0,Maquinaria_B,Turno_Noche
109.44,54.55,5130.2,35.35,20.0,Maquinaria_B,Turno_Mañana
103.41,44.83,5116.21,31.81,19.0,Maquinaria_C,Turno_Noche
86.51,55.7,5482.22,40.02,25.0,Maquinaria_A,Turno_Noche
95.06,49.02,5249.04,31.51,16.0,Maquinaria_A,Turno_Noche
112.53,63.31,5407.83,37.44,12.55,Maquinaria_B,Turno_Noche
103.16,50.43,5756.57,30.31,29.0,Maquinaria_B,Turno_Noche
118.35,57.02,5596.39,36.41,28.0,Maquinaria_B,Turno_Mañana
92.98,51.19,5323.06,26.89,20.0,Maquinaria_A,Turno_Mañana
91.13,53.3,5067.18,32.22,27.0,Maquinaria_C,Turno_Mañana
107.57,46.15,5097.21,37.07,28.0,Maquinaria_C,Turno_Noche
109.5,46.34,4817.1,34.15,19.5,Maquinaria_C,Turno_Mañana
81.59,54.27,4538.45,31.03,19.0,Maquinaria_A,Turno_Mañana
118.96,47.72,5109.55,32.4,23.0,Maquinaria_C,Turno_Mañana
80.62,58.53,4600.88,25.25,25.0,Maquinaria_A,Turno_Noche
105.9,58.55,5534.95,33.9,21.0,Maquinaria_B,Turno_Mañana
111.93,50.32,5001.07,28.43,20.0,Maquinaria_C,Turno_Mañana
127.59,46.72,4801.79,34.52,22.0,Maquinaria_C,Turno_Mañana
81.34,52.55,5401.07,25.29,16.0,Maquinaria_A,Turno_Noche
112.03,62.83,5106.8,34.13,25.0,Maquinaria_B,Turno_Mañana
115.09,46.79,4849.75,29.56,19.0,Maquinaria_C,Turno_Noche
94.18,46.35,5343.4,30.28,24.0,Maquinaria_A,Turno_Noche
83.31,47.38,4643.28,32.62,23.0,Maquinaria_A,Turno_Mañana
110.23,40.75,5087.86,33.75,22.0,Maquinaria_C,Turno_Noche
126.39,50.57,5855.2,31.54,20.0,Maquinaria_B,Turno_Mañana
96.25,54.23,5154.96,28.99,25.0,Maquinaria_C,Turno_Noche
88.51,48.91,4670.48,33.02,25.0,Maquinaria_A,Turno_Mañana
80.93,56.21,4610.82,33.11,17.0,Maquinaria_A,Turno_Mañana
92.11,54.69,5429.94,34.17,17.0,Maquinaria_A,Turno_Noche
128.85,52.68,5565.56,34.09,26.0,Maquinaria_B,Turno_Mañana
88.4,45.61,5177.2,26.43,24.0,Maquinaria_A,Turno_Noche
119.98,63.24,5461.19,33.79,20.0,Maquinaria_B,Turno_Mañana
82.28,57.19,4591.51,34.15,24.0,Maquinaria_A,Turno_Noche
115.68,62.88,5224.74,35.38,24.0,Maquinaria_B,Turno_Noche
96.11,54.36,4859.55,36.6,18.0,Maquinaria_C,Turno_Noche
101.37,59.06,5435.41,33.04,25.0,Maquinaria_B,Turno_Noche
113.97,40.93,5179.35,32.06,22.0,Maquinaria_C,Turno_Noche
115.46,61.93,5543.12,32.59,29.0,Maquinaria_B,Turno_Mañana
96.79,46.2,4960.38,35.54,18.0,Maquinaria_C,Turno_Mañana
117.29,54.15,5797.79,36.97,24.0,Maquinaria_B,Turno_Noche
105.62,40.05,4878.02,36.47,24.0,Maquinaria_C,Turno_Mañana
105.29,46.79,5490.17,32.6,25.0,Maquinaria_A,Turno_Mañana
115.6,49.22,4825.59,34.41,23.0,Maquinaria_C,Turno_Noche
124.56,54.9,5996.2,38.15,20.0,Maquinaria_B,Turno_Noche
98.94,56.93,4804.42,28.55,21.0,Maquinaria_A,Turno_Noche
81.53,47.5,5342.16,28.22,19.0,Maquinaria_A,Turno_Noche
111.64,43.64,5074.04,31.99,20.0,Maquinaria_C,Turno_Mañana
107.16,47.79,5177.75,32.37,19.0,Maquinaria_C,Turno_Mañana
102.25,55.24,4922.44,30.41,15.96,Maquinaria_A,Turno_Noche
106.96,43.78,5007.79,30.5,31.74,Maquinaria_C,Turno_Mañana
95.59,57.67,5432.01,29.98,20.0,Maquinaria_A,Turno_Mañana
96.41,51.32,4891.5,30.83,16.0,Maquinaria_A,Turno_Noche
106.3,53.42,4816.21,36.43,22.0,Maquinaria_C,Turno_Mañana
99.01,50.63,5013.33,28.87,28.0,Maquinaria_C,Turno_Mañana
106.9,57.03,5579.83,37.28,23.0,Maquinaria_B,Turno_Noche
102.78,53.86,4985.04,36.18,22.0,Maquinaria_C,Turno_Mañana
88.32,54.67,5485.65,30.26,24.0,Maquinaria_A,Turno_Mañana
103.13,58.46,4940.36,31.43,16.0,Maquinaria_A,Turno_Mañana
103.86,59.05,5132.37,31.03,24.0,Maquinaria_B,Turno_Noche
100.06,54.98,5838.21,34.51,27.0,Maquinaria_B,Turno_Noche
83.21,53.76,5234.0,32.14,23.0,Maquinaria_A,Turno_Mañana
109.39,63.86,5959.67,30.99,20.0,Maquinaria_B,Turno_Noche
94.95,52.45,5209.74,27.4,19.0,Maquinaria_A,Turno_Mañana
112.38,47.44,4809.56,33.27,21.0,Maquinaria_C,Turno_Noche
106.99,55.58,5490.91,30.94,18.0,Maquinaria_A,Turno_Mañana
107.33,62.99,5799.86,38.64,23.0,Maquinaria_B,Turno_Noche
118.45,41.8,4882.19,31.03,18.0,Maquinaria_C,Turno_Mañana
80.41,54.57,4555.88,26.01,19.0,Maquinaria_A,Turno_Mañana
94.52,53.89,4555.54,34.65,22.0,Maquinaria_A,Turno_Noche
101.32,62.09,5767.32,39.28,21.0,Maquinaria_B,Turno_Mañana
100.18,59.52,5213.4,30.92,30.0,Maquinaria_B,Turno_Mañana
93.15,52.1,5472.62,29.96,25.0,Maquinaria_A,Turno_Noche
98.52,42.29,4854.27,41.67,18.0,Maquinaria_C,Turno_Noche
121.81,64.1,5571.54,33.31,24.0,Maquinaria_B,Turno_Mañana
101.55,51.86,4826.46,35.6,26.0,Maquinaria_C,Turno_Mañana
105.85,62.21,5147.92,35.29,30.0,Maquinaria_B,Turno_Mañana
101.08,50.08,4855.48,33.25,18.0,Maquinaria_C,Turno_Noche
107.28,52.0,4578.35,26.46,19.0,Maquinaria_A,Turno_Noche
104.86,40.2,4901.68,37.2,18.0,Maquinaria_C,Turno_Mañana
86.06,61.06,4598.14,32.16,19.0,Maquinaria_A,Turno_Mañana
98.39,59.91,5069.26,28.64,26.0,Maquinaria_C,Turno_Mañana
88.07,51.26,4916.05,28.47,16.0,Maquinaria_A,Turno_Mañana
87.27,59.13,4824.47,30.9,18.0,Maquinaria_A,Turno_Noche
104.38,49.13,5108.28,33.57,26.0,Maquinaria_C,Turno_Mañana
110.48,60.97,5979.25,30.13,26.0,Maquinaria_B,Turno_Mañana
96.63,59.57,5236.1,34.93,19.0,Maquinaria_A,Turno_Noche
103.32,40.57,5146.12,35.05,20.0,Maquinaria_C,Turno_Noche
85.45,49.84,4420.08,33.86,16.0,Maquinaria_A,Turno_Noche
88.08,54.24,5345.77,33.07,23.0,Maquinaria_A,Turno_Noche
108.25,54.13,4826.33,30.62,26.0,Maquinaria_C,Turno_Mañana
88.37,52.21,5284.29,30.91,25.0,Maquinaria_A,Turno_Mañana
109.36,52.98,5603.47,31.67,25.0,Maquinaria_B,Turno_Noche
115.27,49.01,5055.33,30.76,18.0,Maquinaria_C,Turno_Noche
104.15,45.55,4888.18,31.07,25.0,Maquinaria_A,Turno_Mañana
108.32,40.91,4951.46,29.47,26.0,Maquinaria_C,Turno_Mañana
103.87,44.4,4804.73,28.94,22.0,Maquinaria_C,Turno_Mañana
123.27,61.07,5689.3,30.75,29.0,Maquinaria_B,Turno_Noche
98.38,45.88,5162.28,28.26,22.0,Maquinaria_C,Turno_Noche
91.69,40.25,4897.97,35.99,27.0,Maquinaria_C,Turno_Noche
100.03,54.42,4870.65,32.13,27.0,Maquinaria_C,Turno_Mañana
99.02,43.86,5065.77,33.63,25.0,Maquinaria_C,Turno_Mañana
107.41,45.01,5100.45,33.9,17.92,Maquinaria_C,Turno_Mañana
108.88,53.29,4931.71,34.51,22.0,Maquinaria_A,Turno_Noche
117.31,46.12,4446.48,30.12,23.0,Maquinaria_C,Turno_Noche
89.14,58.09,4562.56,29.93,18.0,Maquinaria_A,Turno_Mañana
108.14,53.55,4679.65,29.55,23.0,Maquinaria_A,Turno_Mañana
109.54,56.24,5093.12,30.14,30.0,Maquinaria_B,Turno_Noche
118.69,50.88,5289.32,33.54,20.0,Maquinaria_B,Turno_Noche
108.26,52.12,4998.41,31.97,28.0,Maquinaria_C,Turno_Noche
100.9,64.46,5762.18,33.39,26.0,Maquinaria_B,Turno_Mañana
85.59,45.66,4628.09,26.07,25.0,Maquinaria_A,Turno_Mañana
102.14,51.12,4862.73,33.34,23.0,Maquinaria_C,Turno_Noche
124.4,63.08,5185.21,32.44,26.0,Maquinaria_B,Turno_Mañana
91.45,45.86,5124.18,34.35,20.0,Maquinaria_A,Turno_Noche
123.2,54.79,5966.8,33.69,28.0,Maquinaria_B,Turno_Mañana
109.2,66.34,5055.22,29.9,19.0,Maquinaria_C,Turno_Mañana
119.31,51.2,5979.95,36.98,22.0,Maquinaria_B,Turno_Mañana
113.79,46.93,4831.81,36.04,27.0,Maquinaria_C,Turno_Noche
94.49,51.8,5165.1,37.59,21.0,Maquinaria_C,Turno_Mañana
118.32,53.08,5236.12,30.65,29.0,Maquinaria_B,Turno_Noche
102.63,53.32,5032.94,37.94,26.0,Maquinaria_C,Turno_Mañana
106.73,46.19,5111.49,34.62,26.0,Maquinaria_C,Turno_Noche
116.53,42.11,4946.11,34.36,25.0,Maquinaria_C,Turno_Noche
119.28,52.06,4834.42,32.18,21.0,Maquinaria_C,Turno_Noche
71.86,54.37,5639.4,33.68,21.0,Maquinaria_B,Turno_Noche
105.23,43.17,4997.52,36.13,21.0,Maquinaria_C,Turno_Noche
110.0,44.32,5149.3,32.21,27.0,Maquinaria_C,Turno_Mañana
102.34,40.15,4880.58,30.24,27.0,Maquinaria_C,Turno_Mañana
96.07,53.02,4877.81,35.36,27.0,Maquinaria_C,Turno_Noche
108.14,54.95,4915.12,34.62,20.0,Maquinaria_A,Turno_Noche
111.52,52.44,5721.09,35.96,30.0,Maquinaria_B,Turno_Noche
115.27,58.0,5546.46,35.65,26.0,Maquinaria_B,Turno_Mañana
88.68,56.05,5121.23,33.19,16.0,Maquinaria_A,Turno_Noche
125.53,63.18,5119.47,22.09,28.0,Maquinaria_B,Turno_Mañana
109.77,54.85,4751.07,30.33,23.0,Maquinaria_A,Turno_Noche
120.84,55.26,5627.09,35.99,27.0,Maquinaria_B,Turno_Mañana
100.46,61.67,5728.7,34.85,20.0,Maquinaria_B,Turno_Noche
98.63,51.09,5133.87,30.49,27.0,Maquinaria_C,Turno_Mañana
95.62,45.12,5833.36,31.98,17.0,Maquinaria_A,Turno_Mañana
100.52,58.58,4941.98,32.43,23.0,Maquinaria_A,Turno_Noche
117.38,55.55,5800.41,39.25,23.0,Maquinaria_B,Turno_Noche
86.93,57.29,4920.53,31.98,31.15,Maquinaria_A,Turno_Noche
101.87,52.39,4973.55,34.95,21.0,Maquinaria_C,Turno_Noche
106.63,53.53,5152.85,36.93,28.0,Maquinaria_B,Turno_Mañana
108.17,51.34,5809.58,33.59,29.0,Maquinaria_B,Turno_Mañana
98.93,41.03,4941.01,30.32,21.0,Maquinaria_C,Turno_Mañana
103.62,45.12,5308.46,31.36,21.0,Maquinaria_A,Turno_Mañana
97.17,45.43,5303.12,25.76,20.0,Maquinaria_A,Turno_Mañana
122.2,55.76,5509.56,38.88,25.0,Maquinaria_B,Turno_Mañana
113.88,64.29,5917.03,38.18,30.0,Maquinaria_B,Turno_Noche
108.69,37.53,5254.06,31.6,25.0,Maquinaria_C,Turno_Mañana
100.74,49.08,5191.74,25.8,20.0,Maquinaria_A,Turno_Mañana
94.58,48.13,5068.55,31.37,24.0,Maquinaria_A,Turno_Mañana
91.85,56.59,4699.76,29.47,22.0,Maquinaria_A,Turno_Noche
117.23,48.32,5055.46,36.94,31.13,Maquinaria_C,Turno_Mañana
92.14,48.04,4857.92,35.78,24.0,Maquinaria_C,Turno_Noche
121.79,55.94,5702.32,36.85,28.0,Maquinaria_B,Turno_Mañana
127.31,52.64,5668.95,38.68,21.0,Maquinaria_B,Turno_Mañana
127.95,57.76,5391.71,35.42,22.0,Maquinaria_B,Turno_Noche
126.13,64.43,5759.24,35.59,27.0,Maquinaria_B,Turno_Mañana
88.62,55.19,5059.22,33.55,19.0,Maquinaria_A,Turno_Mañana
92.27,58.24,4919.69,28.6,18.0,Maquinaria_A,Turno_Noche
109.25,54.94,4823.74,33.36,18.0,Maquinaria_A,Turno_Noche
84.47,49.64,5117.08,28.33,22.0,Maquinaria_A,Turno_Mañana
111.23,54.97,4844.75,28.02,28.0,Maquinaria_C,Turno_Mañana
116.21,50.69,5115.6,29.66,20.0,Maquinaria_C,Turno_Noche
98.52,56.56,4880.13,31.22,16.0,Maquinaria_A,Turno_Noche
101.81,57.8,5545.9,30.04,24.0,Maquinaria_B,Turno_Noche
107.22,51.39,5413.48,21.72,17.0,Maquinaria_A,Turno_Noche
119.73,62.31,5668.0,34.52,20.0,Maquinaria_B,Turno_Mañana
91.67,44.62,4818.5,32.3,24.0,Maquinaria_C,Turno_Mañana
94.7,44.46,5035.52,37.57,27.0,Maquinaria_C,Turno_Noche
103.42,53.54,5598.91,39.12,30.0,Maquinaria_B,Turno_Mañana
93.55,56.98,5123.48,27.78,22.0,Maquinaria_A,Turno_Noche
94.49,58.41,5405.36,37.16,25.0,Maquinaria_A,Turno_Noche
103.02,64.28,5918.61,31.82,24.0,Maquinaria_B,Turno_Mañana
82.12,52.06,4546.14,25.16,17.0,Maquinaria_A,Turno_Noche
94.95,59.41,5315.98,32.56,16.0,Maquinaria_A,Turno_Noche
119.53,43.75,4824.79,30.79,27.0,Maquinaria_C,Turno_Mañana
119.21,52.34,5219.91,32.29,26.0,Maquinaria_B,Turno_Mañana
90.64,46.56,5482.2,26.44,16.0,Maquinaria_A,Turno_Noche
101.04,52.98,4926.87,33.29,25.0,Maquinaria_C,Turno_Mañana
80.79,58.91,4598.96,29.81,18.0,Maquinaria_A,Turno_Mañana
82.45,56.55,4590.19,31.29,17.0,Maquinaria_A,Turno_Mañana
117.8,55.6,5605.75,35.53,24.0,Maquinaria_B,Turno_Mañana
84.4,59.37,4502.62,29.84,23.0,Maquinaria_A,Turno_Mañana
100.65,53.17,5150.7,36.14,20.0,Maquinaria_C,Turno_Mañana
106.36,58.88,5249.34,25.09,19.0,Maquinaria_A,Turno_Noche
123.46,58.43,5902.73,32.25,23.0,Maquinaria_B,Turno_Mañana
93.4,47.9,5432.64,27.39,17.0,Maquinaria_A,Turno_Noche
90.02,53.01,6118.24,26.18,23.0,Maquinaria_A,Turno_Noche
119.38,56.43,5435.63,31.25,22.0,Maquinaria_B,Turno_Noche
93.4,55.47,4535.15,31.31,16.0,Maquinaria_A,Turno_Mañana
104.27,59.82,4792.43,33.94,21.0,Maquinaria_A,Turno_Mañana
113.6,62.83,5610.0,37.47,25.0,Maquinaria_B,Turno_Noche
94.78,59.64,5237.27,28.94,17.0,Maquinaria_A,Turno_Noche
91.36,53.77,4987.82,37.11,19.0,Maquinaria_C,Turno_Noche
80.11,52.2,5473.41,33.02,22.0,Maquinaria_A,Turno_Noche
92.75,50.72,5230.86,33.41,19.0,Maquinaria_A,Turno_Mañana
114.84,54.01,5164.43,36.66,20.81,Maquinaria_B,Turno_Noche
116.33,52.91,5751.29,35.21,25.0,Maquinaria_B,Turno_Mañana
107.22,63.77,5345.19,34.78,23.0,Maquinaria_B,Turno_Noche
120.73,64.58,5285.82,34.62,26.0,Maquinaria_B,Turno_Mañana
71.09,54.98,4665.0,33.29,17.0,Maquinaria_A,Turno_Mañana
118.69,50.66,4905.35,30.07,23.0,Maquinaria_C,Turno_Noche
115.3,44.89,5250.29,36.88,26.0,Maquinaria_C,Turno_Noche
112.06,41.62,5141.74,33.32,19.0,Maquinaria_C,Turno_Noche
111.99,54.98,5660.69,34.2,29.0,Maquinaria_B,Turno_Noche
83.73,49.32,4996.26,31.85,22.0,Maquinaria_A,Turno_Mañana
92.81,46.62,6181.4,37.75,16.0,Maquinaria_A,Turno_Mañana
80.21,45.99,5263.57,25.94,21.0,Maquinaria_A,Turno_Mañana
99.44,49.48,5150.29,37.56,24.0,Maquinaria_C,Turno_Mañana
95.3,52.83,5105.39,34.68,28.0,Maquinaria_C,Turno_Mañana
129.88,61.84,5228.77,36.85,22.0,Maquinaria_B,Turno_Noche
105.97,43.59,4963.37,35.21,22.0,Maquinaria_C,Turno_Mañana
114.33,52.0,5130.77,32.08,19.0,Maquinaria_C,Turno_Noche
102.29,46.97,5117.84,36.45,23.0,Maquinaria_C,Turno_Mañana
104.32,53.89,4157.46,36.79,28.0,Maquinaria_C,Turno_Mañana
93.33,52.59,4755.95,29.19,23.0,Maquinaria_A,Turno_Noche
98.14,52.2,4805.03,29.43,21.0,Maquinaria_C,Turno_Mañana
112.54,52.23,4976.25,37.68,21.0,Maquinaria_C,Turno_Mañana
97.79,40.99,5078.93,33.9,18.0,Maquinaria_C,Turno_Noche
93.14,41.7,4966.72,29.85,25.0,Maquinaria_C,Turno_Mañana
116.76,49.27,4849.77,34.28,19.0,Maquinaria_C,Turno_Noche
108.16,54.09,5132.78,34.03,14.6,Maquinaria_C,Turno_Mañana
104.28,61.32,5858.23,39.83,27.0,Maquinaria_B,Turno_Noche
120.49,54.12,5311.45,37.9,30.0,Maquinaria_B,Turno_Mañana
81.74,56.03,4707.96,26.65,15.0,Maquinaria_A,Turno_Mañana
106.37,54.33,5449.91,37.86,29.0,Maquinaria_B,Turno_Noche
95.26,55.23,4875.39,26.29,23.0,Maquinaria_A,Turno_Noche
104.66,60.07,5558.29,31.81,24.0,Maquinaria_B,Turno_Mañana
108.85,55.2,5091.93,34.5,29.0,Maquinaria_B,Turno_Mañana
125.85,56.63,5014.96,36.02,25.0,Maquinaria_B,Turno_Mañana
87.74,57.78,4674.22,27.62,18.15,Maquinaria_A,Turno_Mañana
106.56,56.9,4950.48,28.78,21.0,Maquinaria_A,Turno_Mañana
121.06,64.47,5778.52,32.33,29.0,Maquinaria_B,Turno_Noche
121.22,64.95,5145.11,37.35,20.0,Maquinaria_B,Turno_Noche
101.19,45.07,5417.38,28.38,17.0,Maquinaria_A,Turno_Mañana
105.99,53.35,5071.83,34.59,23.0,Maquinaria_A,Turno_Noche
110.7,58.07,5921.76,37.28,23.0,Maquinaria_B,Turno_Noche
123.31,63.53,5825.39,34.77,29.0,Maquinaria_B,Turno_Mañana
124.32,61.4,5236.39,32.67,23.0,Maquinaria_B,Turno_Mañana
102.23,51.18,5090.66,33.24,25.0,Maquinaria_B,Turno_Mañana
101.97,49.75,5406.53,34.41,24.0,Maquinaria_A,Turno_Noche
104.07,42.36,4896.63,37.33,28.0,Maquinaria_C,Turno_Mañana
97.94,55.62,4502.73,26.46,24.0,Maquinaria_A,Turno_Noche
93.6,50.73,5095.86,27.96,22.0,Maquinaria_A,Turno_Noche
101.93,52.25,5140.81,32.52,23.0,Maquinaria_C,Turno_Noche
106.14,54.55,4975.17,28.7,22.0,Maquinaria_C,Turno_Noche
95.14,58.44,5377.67,26.79,22.0,Maquinaria_A,Turno_Noche
73.39,57.78,4518.78,25.48,24.0,Maquinaria_A,Turno_Noche
116.8,41.63,5043.86,34.78,24.0,Maquinaria_C,Turno_Noche
112.7,41.55,4895.87,28.0,20.0,Maquinaria_C,Turno_Noche
97.9,41.17,6049.27,29.99,24.0,Maquinaria_C,Turno_Noche
88.44,46.99,5112.98,31.43,15.0,Maquinaria_A,Turno_Mañana
101.42,62.86,5969.29,38.86,23.0,Maquinaria_B,Turno_Noche
113.55,47.29,5052.85,34.12,21.0,Maquinaria_C,Turno_Noche
104.93,53.98,5854.29,33.98,20.0,Maquinaria_B,Turno_Noche
125.95,61.3,5964.37,37.92,29.0,Maquinaria_B,Turno_Noche
95.08,58.54,4767.58,28.39,25.0,Maquinaria_A,Turno_Mañana
98.13,56.04,5324.16,27.85,15.0,Maquinaria_A,Turno_Mañana
119.94,58.18,5929.64,37.83,23.0,Maquinaria_B,Turno_Mañana
88.7,50.89,5399.97,33.34,20.0,Maquinaria_A,Turno_Mañana
97.48,40.18,5695.75,28.35,23.0,Maquinaria_C,Turno_Noche
105.56,59.56,4851.97,37.87,22.0,Maquinaria_C,Turno_Noche
114.68,56.55,5400.47,33.18,30.0,Maquinaria_B,Turno_Noche
120.71,50.38,5231.98,32.59,26.0,Maquinaria_B,Turno_Mañana
113.51,46.36,5033.13,36.97,25.0,Maquinaria_C,Turno_Noche
95.45,42.23,5147.54,28.05,18.0,Maquinaria_C,Turno_Mañana
108.17,64.12,4967.75,38.89,12.38,Maquinaria_B,Turno_Mañana
93.37,51.92,4882.96,34.95,26.0,Maquinaria_C,Turno_Noche
90.26,52.31,4734.64,25.3,22.0,Maquinaria_A,Turno_Mañana
88.78,50.55,5076.62,33.0,16.0,Maquinaria_A,Turno_Mañana
107.57,50.27,5914.69,39.87,13.99,Maquinaria_B,Turno_Noche
108.14,56.22,4671.62,34.55,23.0,Maquinaria_A,Turno_Noche
103.34,57.41,5529.88,33.94,24.0,Maquinaria_B,Turno_Mañana
83.82,54.77,4509.84,25.35,15.0,Maquinaria_A,Turno_Mañana
89.9,53.57,4808.24,26.7,21.0,Maquinaria_A,Turno_Noche
125.73,54.14,5784.29,32.01,29.0,Maquinaria_B,Turno_Mañana
114.09,47.74,5187.01,32.92,25.0,Maquinaria_C,Turno_Mañana
108.65,53.24,5081.79,32.08,26.0,Maquinaria_B,Turno_Mañana
103.19,60.37,5980.43,39.47,23.0,Maquinaria_B,Turno_Noche
98.96,42.02,5194.98,35.69,23.0,Maquinaria_C,Turno_Mañana
92.53,48.72,5420.23,33.37,16.0,Maquinaria_A,Turno_Mañana
111.36,64.55,5914.8,33.34,30.0,Maquinaria_B,Turno_Mañana
107.84,62.96,5350.37,31.23,22.0,Maquinaria_B,Turno_Noche
128.04,64.67,5778.97,37.33,20.0,Maquinaria_B,Turno_Mañana
107.87,47.06,5044.86,29.52,24.0,Maquinaria_A,Turno_Noche
99.27,50.78,4593.84,27.89,20.0,Maquinaria_A,Turno_Mañana
101.86,54.24,5038.93,35.07,28.0,Maquinaria_C,Turno_Noche
112.15,50.92,5030.99,36.54,30.0,Maquinaria_B,Turno_Noche
109.01,40.16,4977.83,30.79,22.0,Maquinaria_C,Turno_Noche
101.99,40.24,4904.1,35.41,21.0,Maquinaria_C,Turno_Noche
113.74,50.45,5781.17,34.51,27.0,Maquinaria_B,Turno_Mañana
115.73,62.9,5613.48,30.78,27.0,Maquinaria_B,Turno_Noche
100.46,49.17,4802.39,32.31,20.0,Maquinaria_C,Turno_Mañana
98.57,54.73,5389.15,31.78,25.0,Maquinaria_A,Turno_Noche
115.18,46.31,5144.85,33.54,18.0,Maquinaria_C,Turno_Noche
83.09,54.94,5104.01,32.37,18.0,Maquinaria_A,Turno_Mañana
103.57,56.01,4744.71,28.9,21.0,Maquinaria_A,Turno_Mañana
117.01,50.23,5148.27,31.02,22.0,Maquinaria_C,Turno_Mañana
113.25,63.73,5152.98,39.9,27.0,Maquinaria_B,Turno_Noche
97.27,43.51,5197.4,30.4,27.0,Maquinaria_C,Turno_Noche
97.41,47.09,5177.44,34.26,21.0,Maquinaria_C,Turno_Mañana
83.36,47.91,4510.23,25.01,19.0,Maquinaria_A,Turno_Noche
100.71,49.73,5025.3,36.79,22.0,Maquinaria_C,Turno_Noche
112.13,61.29,5594.08,38.79,29.0,Maquinaria_B,Turno_Mañana
136.63,45.9,4651.69,29.1,26.0,Maquinaria_C,Turno_Mañana
104.22,49.06,4803.14,34.89,23.0,Maquinaria_C,Turno_Mañana
81.5,50.43,5466.94,34.09,17.0,Maquinaria_A,Turno_Mañana
111.51,62.86,5514.1,38.15,23.0,Maquinaria_B,Turno_Noche
104.6,58.0,5377.71,37.33,20.0,Maquinaria_B,Turno_Noche
85.37,56.33,5065.83,28.33,22.0,Maquinaria_A,Turno_Mañana
124.58,50.63,5756.1,34.55,25.0,Maquinaria_B,Turno_Noche
109.96,52.4,5937.41,38.88,30.0,Maquinaria_B,Turno_Noche
106.29,53.95,5118.32,37.63,20.0,Maquinaria_C,Turno_Noche
99.65,58.68,5172.37,30.0,16.0,Maquinaria_A,Turno_Noche
102.76,55.8,5784.07,36.82,28.0,Maquinaria_B,Turno_Noche
94.41,56.46,5356.1,28.88,19.0,Maquinaria_A,Turno_Noche
102.93,43.02,5137.7,29.29,25.0,Maquinaria_C,Turno_Mañana
115.0,55.94,5695.62,36.34,23.0,Maquinaria_B,Turno_Noche
97.89,48.48,5021.38,28.5,23.0,Maquinaria_A,Turno_Noche
123.2,56.7,5929.21,39.91,25.0,Maquinaria_B,Turno_Noche
141.48,48.78,4829.53,31.99,22.0,Maquinaria_A,Turno_Mañana
98.85,51.27,4909.59,31.77,21.0,Maquinaria_C,Turno_Noche
90.31,48.66,5010.91,37.53,24.0,Maquinaria_C,Turno_Noche
102.87,51.72,5233.46,35.14,28.0,Maquinaria_B,Turno_Noche
127.11,54.01,5127.8,35.09,32.45,Maquinaria_B,Turno_Noche
99.45,55.34,4987.88,28.63,25.0,Maquinaria_A,Turno_Noche
111.59,58.43,5815.45,36.91,26.0,Maquinaria_B,Turno_Mañana
110.07,49.99,5156.25,31.79,18.0,Maquinaria_C,Turno_Noche
101.74,46.81,4852.9,37.2,18.0,Maquinaria_C,Turno_Noche
108.74,40.42,5094.06,28.42,26.0,Maquinaria_C,Turno_Mañana
106.37,58.87,5275.97,30.22,24.0,Maquinaria_B,Turno_Mañana
85.71,59.66,4569.57,29.96,20.0,Maquinaria_A,Turno_Noche
91.63,42.16,5113.77,30.29,25.0,Maquinaria_C,Turno_Noche
94.25,42.12,5137.53,33.9,18.0,Maquinaria_C,Turno_Noche
